{
  "timestamp": 1775129262.599223,
  "quality_signal": 0.6291696379362897,
  "coupling_score": 0.00549073438572409,
  "cycle_count": 0,
  "god_file_count": 0,
  "hotspot_count": 0,
  "complex_fn_count": 26,
  "max_depth": 2,
  "total_import_edges": 1457,
  "cross_module_edges": 14
}