{
  "timestamp": 1775153266.263714,
  "quality_signal": 0.6312230560532237,
  "coupling_score": 0.005867014341590613,
  "cycle_count": 0,
  "god_file_count": 0,
  "hotspot_count": 0,
  "complex_fn_count": 27,
  "max_depth": 2,
  "total_import_edges": 1534,
  "cross_module_edges": 17
}