{
  "timestamp": 1779569812.329076,
  "quality_signal": 0.6264719891105648,
  "coupling_score": 0.012626262626262626,
  "cycle_count": 0,
  "god_file_count": 3,
  "hotspot_count": 0,
  "complex_fn_count": 39,
  "max_depth": 5,
  "total_import_edges": 2376,
  "cross_module_edges": 50
}